analysis,bootstrap_unit,domain,method,condition,metric,n_boot,n,mean,median,ci95_lo,ci95_hi,n_parent_events
PRIMARY_ROADMAP,scenario×seed×experiment_condition,geo,BEST_AI_BEWARN,main_final_test,population_recall,10000.0,1350.0,0.9829783194917767,0.9904064823698321,0.982211462790556,0.9837248059129291,
PRIMARY_ROADMAP,scenario×seed×experiment_condition,geo,BEST_AI_BEWARN,main_final_test,overalert_population,10000.0,1350.0,604526.2785342332,427305.5229715407,578318.8274338754,630780.242276406,
PRIMARY_ROADMAP,scenario×seed×experiment_condition,geo,BEST_AI_BEWARN,main_final_test,optimization_gap,10000.0,1350.0,101.66249108561563,0.0,40.36304225828874,176.5709497514282,
PRIMARY_ROADMAP,scenario×seed×experiment_condition,geo,BEST_AI_BEWARN,main_final_test,constraint_violation,10000.0,1350.0,0.0,0.0,0.0,0.0,
PRIMARY_ROADMAP,scenario×seed×experiment_condition,scheduler,AI_BEWARN,main_final_test,risk_delivery,10000.0,1350.0,0.8318304925094553,0.9074157327845,0.8197747488801458,0.843867583949078,
PRIMARY_ROADMAP,scenario×seed×experiment_condition,scheduler,AI_BEWARN,main_final_test,p95_latency_ms,10000.0,1335.0,565.287539867984,451.4782192347114,545.5413554720766,585.1647287199348,
PRIMARY_ROADMAP,scenario×seed×experiment_condition,scheduler,AI_BEWARN,main_final_test,constraint_violation,10000.0,1350.0,0.2748148148148148,0.0,0.2511111111111111,0.2992592592592593,
PRIMARY_ROADMAP,scenario×seed×experiment_condition,scheduler,AI_BEWARN,main_final_test,overhead_proxy,10000.0,1350.0,0.7174074074074074,0.5,0.7040740740740741,0.7307407407407407,
PRIMARY_ROADMAP,scenario×seed×experiment_condition,outage,AI_BEWARN,outage_fraction=0.0;failure_mode=iid,risk_delivery,10000.0,1350.0,0.8339123304445732,0.9074876481608853,0.8214643224689583,0.845796543725154,
PRIMARY_ROADMAP,scenario×seed×experiment_condition,outage,AI_BEWARN,outage_fraction=0.0;failure_mode=iid,p95_latency_ms,10000.0,1340.0,314.81805689938085,308.27365993791125,309.19080054254107,320.50781884723614,
PRIMARY_ROADMAP,scenario×seed×experiment_condition,outage,AI_BEWARN,outage_fraction=0.0;failure_mode=iid,constraint_violation,10000.0,1350.0,0.2725925925925926,0.0,0.24961111111111112,0.2962962962962963,
PRIMARY_ROADMAP,scenario×seed×experiment_condition,outage,AI_BEWARN,outage_fraction=0.0;failure_mode=iid,overhead_proxy,10000.0,1350.0,0.7177777777777777,0.5,0.7044444444444444,0.7311111111111112,
PRIMARY_ROADMAP,scenario×seed×experiment_condition,outage,AI_BEWARN,outage_fraction=0.0;failure_mode=spatial,risk_delivery,10000.0,1350.0,0.8317080472211287,0.9142193522805513,0.819379172940869,0.8436782837903067,
PRIMARY_ROADMAP,scenario×seed×experiment_condition,outage,AI_BEWARN,outage_fraction=0.0;failure_mode=spatial,p95_latency_ms,10000.0,1338.0,313.67455441760217,307.69435089176693,307.97381035771866,319.541037262698,
PRIMARY_ROADMAP,scenario×seed×experiment_condition,outage,AI_BEWARN,outage_fraction=0.0;failure_mode=spatial,constraint_violation,10000.0,1350.0,0.2822222222222222,0.0,0.2577777777777778,0.30592592592592593,
PRIMARY_ROADMAP,scenario×seed×experiment_condition,outage,AI_BEWARN,outage_fraction=0.0;failure_mode=spatial,overhead_proxy,10000.0,1350.0,0.7162962962962963,0.5,0.702962962962963,0.7292592592592593,
PRIMARY_ROADMAP,scenario×seed×experiment_condition,outage,AI_BEWARN,outage_fraction=0.1;failure_mode=iid,risk_delivery,10000.0,1350.0,0.7877966288184197,0.8559068595794669,0.7758571457664576,0.7994790252019865,
PRIMARY_ROADMAP,scenario×seed×experiment_condition,outage,AI_BEWARN,outage_fraction=0.1;failure_mode=iid,p95_latency_ms,10000.0,1337.0,340.9497065822898,332.72859207837143,335.19746559904166,346.8978370109872,
PRIMARY_ROADMAP,scenario×seed×experiment_condition,outage,AI_BEWARN,outage_fraction=0.1;failure_mode=iid,constraint_violation,10000.0,1350.0,0.36148148148148146,0.0,0.3362962962962963,0.38666666666666666,
PRIMARY_ROADMAP,scenario×seed×experiment_condition,outage,AI_BEWARN,outage_fraction=0.1;failure_mode=iid,overhead_proxy,10000.0,1350.0,0.7962962962962963,1.0,0.782962962962963,0.8092592592592592,
PRIMARY_ROADMAP,scenario×seed×experiment_condition,outage,AI_BEWARN,outage_fraction=0.1;failure_mode=spatial,risk_delivery,10000.0,1350.0,0.7840621106842146,0.8593783559635675,0.7712060766548896,0.7967615981721571,
PRIMARY_ROADMAP,scenario×seed×experiment_condition,outage,AI_BEWARN,outage_fraction=0.1;failure_mode=spatial,p95_latency_ms,10000.0,1338.0,342.72150624818755,338.84994996784036,337.07596683467307,348.48611662509546,
PRIMARY_ROADMAP,scenario×seed×experiment_condition,outage,AI_BEWARN,outage_fraction=0.1;failure_mode=spatial,constraint_violation,10000.0,1350.0,0.38666666666666666,0.0,0.36,0.41333333333333333,
PRIMARY_ROADMAP,scenario×seed×experiment_condition,outage,AI_BEWARN,outage_fraction=0.1;failure_mode=spatial,overhead_proxy,10000.0,1350.0,0.7888888888888889,1.0,0.7755555555555556,0.8018518518518518,
PRIMARY_ROADMAP,scenario×seed×experiment_condition,outage,AI_BEWARN,outage_fraction=0.2;failure_mode=iid,risk_delivery,10000.0,1350.0,0.745010982864547,0.8074972476229781,0.7330808688138521,0.7567655341378626,
PRIMARY_ROADMAP,scenario×seed×experiment_condition,outage,AI_BEWARN,outage_fraction=0.2;failure_mode=iid,p95_latency_ms,10000.0,1336.0,369.8651065653389,363.0721452375968,364.0784431915827,375.5773637530721,
PRIMARY_ROADMAP,scenario×seed×experiment_condition,outage,AI_BEWARN,outage_fraction=0.2;failure_mode=iid,constraint_violation,10000.0,1350.0,0.482962962962963,0.0,0.4562962962962963,0.5096296296296297,
PRIMARY_ROADMAP,scenario×seed×experiment_condition,outage,AI_BEWARN,outage_fraction=0.2;failure_mode=iid,overhead_proxy,10000.0,1350.0,0.8985185185185185,1.0,0.8877777777777778,0.9088888888888889,
PRIMARY_ROADMAP,scenario×seed×experiment_condition,outage,AI_BEWARN,outage_fraction=0.2;failure_mode=spatial,risk_delivery,10000.0,1350.0,0.7337791088786185,0.8149360164958126,0.7193073663918785,0.7482427049001428,
PRIMARY_ROADMAP,scenario×seed×experiment_condition,outage,AI_BEWARN,outage_fraction=0.2;failure_mode=spatial,p95_latency_ms,10000.0,1328.0,370.2781358644984,360.4551008346001,364.4204251680126,376.11749010137123,
PRIMARY_ROADMAP,scenario×seed×experiment_condition,outage,AI_BEWARN,outage_fraction=0.2;failure_mode=spatial,constraint_violation,10000.0,1350.0,0.4748148148148148,0.0,0.4488888888888889,0.5014814814814815,
PRIMARY_ROADMAP,scenario×seed×experiment_condition,outage,AI_BEWARN,outage_fraction=0.2;failure_mode=spatial,overhead_proxy,10000.0,1350.0,0.8166666666666667,1.0,0.804074074074074,0.8292592592592593,
PRIMARY_ROADMAP,scenario×seed×experiment_condition,outage,AI_BEWARN,outage_fraction=0.3;failure_mode=iid,risk_delivery,10000.0,1350.0,0.695464315993773,0.7512007343738425,0.6833803851109892,0.7075099144937403,
PRIMARY_ROADMAP,scenario×seed×experiment_condition,outage,AI_BEWARN,outage_fraction=0.3;failure_mode=iid,p95_latency_ms,10000.0,1327.0,395.8264782371638,390.26483978177225,390.0759470234668,401.61153874909377,
PRIMARY_ROADMAP,scenario×seed×experiment_condition,outage,AI_BEWARN,outage_fraction=0.3;failure_mode=iid,constraint_violation,10000.0,1350.0,0.6111111111111112,1.0,0.5851851851851851,0.6362962962962962,
PRIMARY_ROADMAP,scenario×seed×experiment_condition,outage,AI_BEWARN,outage_fraction=0.3;failure_mode=iid,overhead_proxy,10000.0,1350.0,0.9514814814814815,1.0,0.9433333333333334,0.9592592592592593,
PRIMARY_ROADMAP,scenario×seed×experiment_condition,outage,AI_BEWARN,outage_fraction=0.3;failure_mode=spatial,risk_delivery,10000.0,1350.0,0.6767831363552983,0.7584519594085251,0.6608613718567496,0.6926954927008169,
PRIMARY_ROADMAP,scenario×seed×experiment_condition,outage,AI_BEWARN,outage_fraction=0.3;failure_mode=spatial,p95_latency_ms,10000.0,1315.0,399.9887683287655,390.1745931847779,394.091791205429,405.8771669775454,
PRIMARY_ROADMAP,scenario×seed×experiment_condition,outage,AI_BEWARN,outage_fraction=0.3;failure_mode=spatial,constraint_violation,10000.0,1350.0,0.5511111111111111,1.0,0.5244444444444445,0.5777777777777777,
PRIMARY_ROADMAP,scenario×seed×experiment_condition,outage,AI_BEWARN,outage_fraction=0.3;failure_mode=spatial,overhead_proxy,10000.0,1350.0,0.8481481481481481,1.0,0.8359166666666668,0.86,
PRIMARY_ROADMAP,scenario×seed×experiment_condition,outage,AI_BEWARN,outage_fraction=0.5;failure_mode=iid,risk_delivery,10000.0,1350.0,0.5460596284357012,0.5765267771684724,0.5340888245163816,0.5577322696869434,
PRIMARY_ROADMAP,scenario×seed×experiment_condition,outage,AI_BEWARN,outage_fraction=0.5;failure_mode=iid,p95_latency_ms,10000.0,1321.0,454.9178494119748,444.8783330386546,448.9260285120584,460.85373582291083,
PRIMARY_ROADMAP,scenario×seed×experiment_condition,outage,AI_BEWARN,outage_fraction=0.5;failure_mode=iid,constraint_violation,10000.0,1350.0,0.8911111111111111,1.0,0.8740740740740741,0.9074074074074074,
PRIMARY_ROADMAP,scenario×seed×experiment_condition,outage,AI_BEWARN,outage_fraction=0.5;failure_mode=iid,overhead_proxy,10000.0,1350.0,0.9929629629629629,1.0,0.9896296296296296,0.9959259259259259,
PRIMARY_ROADMAP,scenario×seed×experiment_condition,outage,AI_BEWARN,outage_fraction=0.5;failure_mode=spatial,risk_delivery,10000.0,1350.0,0.5401185877935895,0.5771933838527217,0.5217861919792814,0.5589640282030411,
PRIMARY_ROADMAP,scenario×seed×experiment_condition,outage,AI_BEWARN,outage_fraction=0.5;failure_mode=spatial,p95_latency_ms,10000.0,1224.0,458.3823038931814,451.3620325281418,452.1964851817805,464.6423201995412,
PRIMARY_ROADMAP,scenario×seed×experiment_condition,outage,AI_BEWARN,outage_fraction=0.5;failure_mode=spatial,constraint_violation,10000.0,1350.0,0.6814814814814815,1.0,0.6562962962962963,0.705925925925926,
PRIMARY_ROADMAP,scenario×seed×experiment_condition,outage,AI_BEWARN,outage_fraction=0.5;failure_mode=spatial,overhead_proxy,10000.0,1350.0,0.8862962962962962,1.0,0.8751851851851852,0.8974074074074074,
PRIMARY_ROADMAP,scenario×seed×experiment_condition,correlation,AI_BEWARN,failure_correlation=0.0,risk_delivery,10000.0,1350.0,0.7105542175006445,0.8181980863565093,0.6942593513073481,0.7263730928272293,
PRIMARY_ROADMAP,scenario×seed×experiment_condition,correlation,AI_BEWARN,failure_correlation=0.0,p95_latency_ms,10000.0,1307.0,403.40753249980634,396.5450694807566,397.46694830064797,409.13879792663755,
PRIMARY_ROADMAP,scenario×seed×experiment_condition,correlation,AI_BEWARN,failure_correlation=0.0,constraint_violation,10000.0,1350.0,0.4674074074074074,0.0,0.44074074074074077,0.49407407407407405,
PRIMARY_ROADMAP,scenario×seed×experiment_condition,correlation,AI_BEWARN,failure_correlation=0.0,overhead_proxy,10000.0,1350.0,0.8159259259259259,1.0,0.802962962962963,0.8288888888888889,
PRIMARY_ROADMAP,scenario×seed×experiment_condition,correlation,AI_BEWARN,failure_correlation=0.3,risk_delivery,10000.0,1350.0,0.6772555393031076,0.773580129178224,0.6610841256329356,0.6929468415394952,
PRIMARY_ROADMAP,scenario×seed×experiment_condition,correlation,AI_BEWARN,failure_correlation=0.3,p95_latency_ms,10000.0,1315.0,399.40068454276985,392.4629806743717,393.6295731381903,405.28007929064165,
PRIMARY_ROADMAP,scenario×seed×experiment_condition,correlation,AI_BEWARN,failure_correlation=0.3,constraint_violation,10000.0,1350.0,0.542962962962963,1.0,0.5162962962962963,0.5696296296296296,
PRIMARY_ROADMAP,scenario×seed×experiment_condition,correlation,AI_BEWARN,failure_correlation=0.3,overhead_proxy,10000.0,1350.0,0.8392592592592593,1.0,0.8266666666666667,0.8514814814814815,
PRIMARY_ROADMAP,scenario×seed×experiment_condition,correlation,AI_BEWARN,failure_correlation=0.6,risk_delivery,10000.0,1350.0,0.6398745499624762,0.740694226296585,0.6224978203249146,0.6573153487772322,
PRIMARY_ROADMAP,scenario×seed×experiment_condition,correlation,AI_BEWARN,failure_correlation=0.6,p95_latency_ms,10000.0,1297.0,398.78278172622254,389.284206293073,392.8140087786153,404.85095457632065,
PRIMARY_ROADMAP,scenario×seed×experiment_condition,correlation,AI_BEWARN,failure_correlation=0.6,constraint_violation,10000.0,1350.0,0.5562962962962963,1.0,0.5296296296296297,0.582962962962963,
PRIMARY_ROADMAP,scenario×seed×experiment_condition,correlation,AI_BEWARN,failure_correlation=0.6,overhead_proxy,10000.0,1350.0,0.8437037037037037,1.0,0.8314814814814815,0.855925925925926,
PRIMARY_ROADMAP,scenario×seed×experiment_condition,correlation,AI_BEWARN,failure_correlation=0.9,risk_delivery,10000.0,1350.0,0.611596740233846,0.7295684945984594,0.5924879923986525,0.6306420931704113,
PRIMARY_ROADMAP,scenario×seed×experiment_condition,correlation,AI_BEWARN,failure_correlation=0.9,p95_latency_ms,10000.0,1216.0,393.80657045069364,385.5565913970581,387.51469933996054,400.04934009505473,
PRIMARY_ROADMAP,scenario×seed×experiment_condition,correlation,AI_BEWARN,failure_correlation=0.9,constraint_violation,10000.0,1350.0,0.5703703703703704,1.0,0.5437037037037037,0.5962962962962963,
PRIMARY_ROADMAP,scenario×seed×experiment_condition,correlation,AI_BEWARN,failure_correlation=0.9,overhead_proxy,10000.0,1350.0,0.8451851851851852,1.0,0.832962962962963,0.8574074074074074,
PRIMARY_ROADMAP,scenario×seed×experiment_condition,congestion,AI_BEWARN,load_level=0.3,risk_delivery,10000.0,1350.0,0.8505060336543171,0.9380154594095877,0.8384075537634681,0.8626310284154158,
PRIMARY_ROADMAP,scenario×seed×experiment_condition,congestion,AI_BEWARN,load_level=0.3,p95_latency_ms,10000.0,1340.0,193.77053436039785,188.26329180855765,192.15506306771843,195.43167470141742,
PRIMARY_ROADMAP,scenario×seed×experiment_condition,congestion,AI_BEWARN,load_level=0.3,constraint_violation,10000.0,1350.0,0.22962962962962963,0.0,0.2074074074074074,0.2525925925925926,
PRIMARY_ROADMAP,scenario×seed×experiment_condition,congestion,AI_BEWARN,load_level=0.3,overhead_proxy,10000.0,1350.0,0.7066666666666667,0.5,0.6933333333333334,0.7196296296296296,
PRIMARY_ROADMAP,scenario×seed×experiment_condition,congestion,AI_BEWARN,load_level=0.6,risk_delivery,10000.0,1350.0,0.8398771753405535,0.921402299676173,0.8277365334045516,0.8512940693992624,
PRIMARY_ROADMAP,scenario×seed×experiment_condition,congestion,AI_BEWARN,load_level=0.6,p95_latency_ms,10000.0,1338.0,269.0316969534724,263.37945194883696,267.3190453598038,270.7670315025845,
PRIMARY_ROADMAP,scenario×seed×experiment_condition,congestion,AI_BEWARN,load_level=0.6,constraint_violation,10000.0,1350.0,0.2607407407407407,0.0,0.23703703703703705,0.28444444444444444,
PRIMARY_ROADMAP,scenario×seed×experiment_condition,congestion,AI_BEWARN,load_level=0.6,overhead_proxy,10000.0,1350.0,0.7196296296296296,0.5,0.7066666666666667,0.7329629629629629,
PRIMARY_ROADMAP,scenario×seed×experiment_condition,congestion,AI_BEWARN,load_level=0.8,risk_delivery,10000.0,1350.0,0.8308331384911158,0.9016122721034169,0.8188672809540779,0.8423721751819662,
PRIMARY_ROADMAP,scenario×seed×experiment_condition,congestion,AI_BEWARN,load_level=0.8,p95_latency_ms,10000.0,1338.0,317.2330937184315,312.0693744297154,315.4003083514,319.0913331766087,
PRIMARY_ROADMAP,scenario×seed×experiment_condition,congestion,AI_BEWARN,load_level=0.8,constraint_violation,10000.0,1350.0,0.2866666666666667,0.0,0.26222222222222225,0.3111111111111111,
PRIMARY_ROADMAP,scenario×seed×experiment_condition,congestion,AI_BEWARN,load_level=0.8,overhead_proxy,10000.0,1350.0,0.7218518518518519,0.5,0.7085185185185185,0.7351851851851852,
PRIMARY_ROADMAP,scenario×seed×experiment_condition,congestion,AI_BEWARN,load_level=0.95,risk_delivery,10000.0,1350.0,0.8239960862433684,0.9018188551111079,0.811614137602747,0.8357805280833341,
PRIMARY_ROADMAP,scenario×seed×experiment_condition,congestion,AI_BEWARN,load_level=0.95,p95_latency_ms,10000.0,1337.0,353.961071534173,349.43246044630763,351.96445149042074,355.9655553466005,
PRIMARY_ROADMAP,scenario×seed×experiment_condition,congestion,AI_BEWARN,load_level=0.95,constraint_violation,10000.0,1350.0,0.2948148148148148,0.0,0.27037037037037037,0.32,
PRIMARY_ROADMAP,scenario×seed×experiment_condition,congestion,AI_BEWARN,load_level=0.95,overhead_proxy,10000.0,1350.0,0.7251851851851852,0.5,0.7122222222222222,0.7385185185185185,
CLUSTER_ROBUSTNESS,parent_event_id,BEST_AI_BEWARN_geo,,,population_recall,,,0.9829823997711958,0.9825493646473138,0.9756067270241796,0.9903175577209776,10.0
CLUSTER_ROBUSTNESS,parent_event_id,BEST_AI_BEWARN_geo,,,missed_population,,,66609.28904134096,48429.58184416119,26724.00353724787,119205.33386942986,10.0
CLUSTER_ROBUSTNESS,parent_event_id,BEST_AI_BEWARN_geo,,,overalert_population,,,299202.12688523857,132816.71946820038,83991.83254172227,578514.7599236284,10.0
CLUSTER_ROBUSTNESS,parent_event_id,BEST_AI_BEWARN_geo,,,normalized_optimization_gap,,,914.5888451452772,0.0370175338643212,0.0312075831471232,2743.664641197344,10.0
CLUSTER_ROBUSTNESS,parent_event_id,BEST_AI_BEWARN_geo,,,constraint_violation,,,0.0,0.0,0.0,0.0,10.0
CLUSTER_ROBUSTNESS,parent_event_id,AI_BEWARN_scheduler,,,observed_reliability,,,0.8307947921843472,0.830649030246382,0.8136966340240456,0.8482108030793932,10.0
CLUSTER_ROBUSTNESS,parent_event_id,AI_BEWARN_scheduler,,,observed_latency_ms,,,539.3255018484144,551.8353571248344,491.6893209663438,584.7553963161108,10.0
CLUSTER_ROBUSTNESS,parent_event_id,AI_BEWARN_scheduler,,,observed_constraint_violation,,,0.2421515896247869,0.2661458333333333,0.207201838731444,0.2740515102239244,10.0
CLUSTER_ROBUSTNESS,parent_event_id,AI_BEWARN_scheduler,,,bearer_count,,,1.52946232314547,1.471288430420712,1.4312093793802607,1.6362213681714564,10.0
CLUSTER_ROBUSTNESS,parent_event_id,AI_BEWARN_scheduler,,,overhead_proxy,,,0.764731161572735,0.735644215210356,0.7136738944979121,0.8193191549772334,10.0
