component,provider,classification,status,structured,required_for_paper,artifact_path,source_url,sha256,size_bytes,acquired_at_utc,notes,source_name,source_type,provenance_class,license,redistributable,download_reference,processing_script,release_rule
administrative_boundary_ADM0,geoBoundaries gbOpen,EXTERNAL_GIS,DOWNLOADED_OFFICIAL,True,True,/kaggle/working/bd-mews-ai-v1/raw/geoboundaries/geoBoundaries-BGD-ADM0.geojson,https://github.com/wmgeolab/geoBoundaries/raw/9469f09/releaseData/gbOpen/BGD/ADM0/geoBoundaries-BGD-ADM0.geojson,7ea26da4885354041422911ee5dfc631b687792ade960b15c88b8c44f14f5470,66748,2026-08-21T18:50:00.429378+00:00,,unknown,unknown,unknown,verify upstream terms,False,,AI-BEWARN Cell 1 v3,"Release metadata/download instructions/processing code, not raw external copy."
administrative_boundary_ADM1,geoBoundaries gbOpen,EXTERNAL_GIS,DOWNLOADED_OFFICIAL,True,True,/kaggle/working/bd-mews-ai-v1/raw/geoboundaries/geoBoundaries-BGD-ADM1.geojson,https://github.com/wmgeolab/geoBoundaries/raw/9469f09/releaseData/gbOpen/BGD/ADM1/geoBoundaries-BGD-ADM1.geojson,f25f782a3b6eeece96e4218094380e2d02e2ac560c1eb125f59bd7229a1ca348,102643,2026-08-21T18:50:02.160714+00:00,,unknown,unknown,unknown,verify upstream terms,False,,AI-BEWARN Cell 1 v3,"Release metadata/download instructions/processing code, not raw external copy."
administrative_boundary_ADM2,geoBoundaries gbOpen,EXTERNAL_GIS,DOWNLOADED_OFFICIAL,True,True,/kaggle/working/bd-mews-ai-v1/raw/geoboundaries/geoBoundaries-BGD-ADM2.geojson,https://github.com/wmgeolab/geoBoundaries/raw/9469f09/releaseData/gbOpen/BGD/ADM2/geoBoundaries-BGD-ADM2.geojson,54379ccc77f6f59dab3569ecc5f9b3850dbed2d65a5f43a034bdf92179f5621b,46554183,2026-08-21T18:50:06.864074+00:00,,unknown,unknown,unknown,verify upstream terms,False,,AI-BEWARN Cell 1 v3,"Release metadata/download instructions/processing code, not raw external copy."
population_raster,WorldPop,MODELLED_EXTERNAL,DOWNLOADED_OFFICIAL,True,True,/kaggle/working/bd-mews-ai-v1/raw/worldpop/bgd_pop_2023_CN_100m_R2025A_v1.tif,https://data.worldpop.org/GIS/Population/Global_2015_2030/R2025A/2023/BGD/v1/100m/constrained/bgd_pop_2023_CN_100m_R2025A_v1.tif,6bcc113a6dd7486c8772270a52edb03655fb0d56736ae7b3adf9d5f7a62790a8,55024039,2026-08-21T18:51:51.085701+00:00,2023 Bangladesh population count raster; number of people per grid cell; not census truth.,unknown,unknown,unknown,verify upstream terms,False,,AI-BEWARN Cell 1 v3,"Release metadata/download instructions/processing code, not raw external copy."
bmd_structured_events,AI-BEWARN synthetic Bangladesh proxy generator,SYNTHETIC,GENERATED_SYNTHETIC_BD_PROXY,True,False,/kaggle/working/bd-mews-ai-v1/raw/bmd/bmd_events.csv,,ed3fa196411fdc09be8f181d8313bee186efd0a44ded048de2bc57b02c76cf22,7432,2026-08-21T18:51:51.121108+00:00,Generated Bangladesh-context BMD-like synthetic proxy inside Cell 1; NOT official BMD data.,unknown,unknown,unknown,verify upstream terms,False,,AI-BEWARN Cell 1 v3,"Release metadata/download instructions/processing code, not raw external copy."
bmd_official_archive_snapshot,Bangladesh Meteorological Department,REAL_OFFICIAL,DOWNLOADED_OFFICIAL,False,False,/kaggle/working/bd-mews-ai-v1/raw/bmd/cyclone_page_snapshot.html,https://bmd.gov.bd/web/en/cyclone_page/,03937550be4a551b87684b5e2a3fdd1f9ca6513db15b23e4010419fe942ab21b,25113,2026-08-21T18:51:51.303758+00:00,Direct official-source snapshot for provenance; not treated as a parsed event dataset.,unknown,unknown,unknown,verify upstream terms,False,,AI-BEWARN Cell 1 v3,"Release metadata/download instructions/processing code, not raw external copy."
historical_cyclone_tracks,NOAA NCEI IBTrACS v04r01,REAL_HISTORICAL,DOWNLOADED_OFFICIAL,True,True,/kaggle/working/bd-mews-ai-v1/raw/ibtracs/ibtracs.NI.list.v04r01.csv,https://www.ncei.noaa.gov/data/international-best-track-archive-for-climate-stewardship-ibtracs/v04r01/access/csv/ibtracs.NI.list.v04r01.csv,1e892624f97f5481cddf6b8e9e65be2925fa0a3336f399f5b9fd87fbb463fb78,27877743,2026-08-21T18:51:56.275506+00:00,North Indian basin best-track data.,unknown,unknown,unknown,verify upstream terms,False,,AI-BEWARN Cell 1 v3,"Release metadata/download instructions/processing code, not raw external copy."
ffwc_structured_observations,AI-BEWARN synthetic Bangladesh proxy generator,SYNTHETIC,GENERATED_SYNTHETIC_BD_PROXY,True,False,/kaggle/working/bd-mews-ai-v1/raw/ffwc/ffwc_observations.csv,,b953422d4653c0c9743080e2f50bd8f06c7044081acb65135e4c808532fd7d9a,12752,2026-08-21T18:51:56.309743+00:00,Generated Bangladesh-context FFWC-like synthetic station proxy inside Cell 1; NOT official FFWC data.,unknown,unknown,unknown,verify upstream terms,False,,AI-BEWARN Cell 1 v3,"Release metadata/download instructions/processing code, not raw external copy."
ffwc_official_api_snapshot,BWDB / Flood Forecasting & Warning Centre,REAL_OFFICIAL,DOWNLOADED_OFFICIAL,False,False,/kaggle/working/bd-mews-ai-v1/raw/ffwc/api_service_snapshot.html,https://api.ffwc.gov.bd/?format=json,a23870736b9dc88a2efb216d2702ce92f9c366aeeadf8539c7c2bdded7ae7c05,6849,2026-08-21T18:51:56.711715+00:00,Direct official-source service snapshot; not substituted for structured observations.,unknown,unknown,unknown,verify upstream terms,False,,AI-BEWARN Cell 1 v3,"Release metadata/download instructions/processing code, not raw external copy."
